{
  "generated_at": "2025-12-04T03:48:36.385159",
  "total_prompts": 1801,
  "months": {
    "2025-11": {
      "prompt_count": 223,
      "total_words": 83971,
      "total_sentences": 5771,
      "avg_words": 376.5515695067265,
      "median_words": 62,
      "avg_sentences": 25.878923766816143,
      "median_sentences": 5,
      "avg_text_length": 2558.8699551569507,
      "total_text_length": 570628
    },
    "2025-10": {
      "prompt_count": 206,
      "total_words": 94065,
      "total_sentences": 5527,
      "avg_words": 456.626213592233,
      "median_words": 78.0,
      "avg_sentences": 26.83009708737864,
      "median_sentences": 6.0,
      "avg_text_length": 2740.28640776699,
      "total_text_length": 564499
    },
    "2025-07": {
      "prompt_count": 462,
      "total_words": 116575,
      "total_sentences": 9684,
      "avg_words": 252.32683982683983,
      "median_words": 36.5,
      "avg_sentences": 20.961038961038962,
      "median_sentences": 3.0,
      "avg_text_length": 1932.2597402597403,
      "total_text_length": 892704
    },
    "2025-08": {
      "prompt_count": 438,
      "total_words": 231897,
      "total_sentences": 13389,
      "avg_words": 529.445205479452,
      "median_words": 138.5,
      "avg_sentences": 30.568493150684933,
      "median_sentences": 7.0,
      "avg_text_length": 3429.296803652968,
      "total_text_length": 1502032
    },
    "2025-09": {
      "prompt_count": 469,
      "total_words": 449001,
      "total_sentences": 28150,
      "avg_words": 957.3582089552239,
      "median_words": 125,
      "avg_sentences": 60.02132196162047,
      "median_sentences": 6,
      "avg_text_length": 6318.089552238806,
      "total_text_length": 2963184
    },
    "2025-12": {
      "prompt_count": 3,
      "total_words": 1408,
      "total_sentences": 86,
      "avg_words": 469.3333333333333,
      "median_words": 675,
      "avg_sentences": 28.666666666666668,
      "median_sentences": 35,
      "avg_text_length": 3211.3333333333335,
      "total_text_length": 9634
    }
  }
}